id,nombre,apellido,edad,genero
1,Arnold,Pren,35,M
2,Sher,Doog,35,F
3,Trudie,Verecker,18,F
4,Maryjo,Gudgion,19,F
5,Bartram,Arnoult,25,M
6,Freedman,Allenby,38,M
7,Belia,De Gowe,38,F
8,Boone,Vial,29,M
9,Elfie,Zoren,21,F
10,Diandra,Wickwar,33,F
11,Eliot,Hutcheon,26,M
12,Cinderella,Bayle,35,F
13,Barry,Beetles,21,M
14,Ly,Sazio,24,M
15,Emelita,Wickens,26,F
16,Gusta,Dooher,24,F
17,Libby,Solan,28,F
18,Consolata,Heathcote,33,F
19,Oates,Presdee,22,M
20,Kriste,Arrow,35,F
21,Jerad,Leele,38,M
22,Sherman,Emmet,28,M
23,Bertie,Henze,24,F
24,Edgar,Baignard,32,M
25,Frederik,Pessolt,20,M
26,Wit,Harrismith,31,M
27,Dorene,Pollendine,36,F
28,Lisabeth,Falconbridge,22,F
29,Michael,Ferrieres,29,M
30,Marion,Syres,32,F
31,Barbie,Crossdale,38,F
32,Cristionna,Goulden,18,F
33,Karine,Kitney,37,F
34,Julienne,Urien,33,F
35,Carmelia,McBryde,18,F
36,Bo,Tenwick,31,M
37,Muriel,Hallgate,34,F
38,Mommy,Coghill,32,F
39,Adore,Binns,31,F
40,Alisha,Culshew,27,F
41,Sam,Burnel,19,M
42,Franz,Tregidgo,35,M
43,Gottfried,Owenson,32,M
44,Eb,Akerman,35,M
45,Martainn,Gehrts,34,M
46,Chevalier,Chaloner,20,M
47,Geoffrey,Casacchia,39,M
48,Manuel,Penhaleurack,40,M
49,Lucia,Patrickson,26,F
50,Ailene,Bilt,32,F
